"!turtle(A2:A11, r m1136, 340, 1)"
F3 0.63,-,-,F3,-,-,F3,-,G#3,-,-,G#3,-,-,C4,-,-,C4,-,-,C4,-,-,C4,-,-,C4,-,-,C4,-,-,F3,-,-,F3,-,-,F3,-,A#3,-,-,A#3,-,-,G#3,-,-,G#3,-,-,G#3,-,-,G#3,-,-,G#3,-,-,G#3,-,-,F3,-,-,F3,-,-,F3,-,G#3,-,-,G#3,-,-,C4,-,-,C4,-,-,C4,-,-,C4,-,-,C4,-,-,C4,-,-,F3,-,-,G#3,-,-,G#3,-,A#3,-,-,A#3,-,-,G#3,-,-,G#3,-,-,G#3,-,-,G#3,-,-,G#3,-,-,G#3,-,-,F3,-,-,F3,-,-,F3,-,G#3,-,-,G#3,-,-,C4,-,-,C4,-,-,C4,-,-,C4,-,-,C4,-,-,C4,-,-,F3,-,-,F3,-,-,F3,-,A#3,-,-,A#3,-,-,G#3,-,-,G#3,-,-,G#3,-,-,G#3,-,-,G#3,-,-,G#3,-,-,F3,-,-,F3,-,-,F3,-,G#3,-,-,G#3,-,-,C4,-,-,C4,-,-,C4,-,-,C4,-,-,C4,-,-,C4,-,-,F3,-,-,G#3,-,-,G#3,-,A#3,-,-,A#3,-,-,G#3,-,-,G#3,-,-,G#3,-,-,G#3,-,-,G#3,-,-,G#3,-,-,F3,-,-,F3,-,-,F3,-,G#3,-,-,G#3,-,-,C4,-,-,C4,-,-,C4,-,-,C4,-,-,C4,-,-,C4,-,-,F3,-,-,F3,-,-,F3,-,A#3,-,-,A#3,-,-,G#3,-,-,G#3,-,-,G#3,-,-,G#3,-,-,G#3,-,-,G#3,-,-,F3,-,-,F3,-,-,F3,-,G#3,-,-,G#3,-,-,C4,-,-,C4,-,-,C4,-,-,C4,-,-,C4,-,-,C4,-,-,F3,-,-,G#3,-,-,G#3,-,A#3,-,-,A#3,-,-,G#3,-,-,G#3,-,-,G#3,-,-,G#3,-,-,G#3,-,-,G#3,-,-,F3,-,-,F3,-,-,F3,-,G#3,-,-,G#3,-,-,C4,-,-,C4,-,-,C4,-,-,C4,-,-,C4,-,-,C4,-,-,F3,-,-,F3,-,-,F3,-,A#3,-,-,A#3,-,-,G#3,-,-,G#3,-,-,G#3,-,-,G#3,-,-,G#3,-,-,G#3,-,-,F3,-,-,F3,-,-,F3,-,G#3,-,-,G#3,-,-,C4,-,-,C4,-,-,C4,-,-,C4,-,-,C4,-,-,C4,-,-,F3,-,-,G#3,-,-,G#3,-,A#3,-,-,A#3,-,-,G#3,-,-,G#3,-,-,G#3,-,-,G#3,G#3,-,G#3,-,-,G#3,-,-,F3,-,-,F3,-,-,F3,-,G#3,-,-,G#3,-,-,C4,-,-,C4,-,-,C4,-,-,C4,-,-,C4,-,-,C4,-,-,F3,-,-,F3,-,-,F3,-,A#3,-,-,A#3,-,-,G#3,-,-,G#3,-,-,G#3,-,-,G#3,-,-,G#3,-,-,G#3,-,-,F3,-,-,F3,-,-,F3,-,G#3,-,-,G#3,-,-,C4,-,-,C4,-,-,C4,-,-,C4,-,-,C4,-,-,C4,-,-,F3,-,-,G#3,-,-,G#3,-,A#3,-,-,A#3,-,-,G#3,-,-,G#3,-,-,G#3,-,-,G#3,-,-,G#3,-,-,G#3,-,-,F3,-,-,F3,-,-,F3,-,G#3,-,-,G#3,-,-,C4,-,-,C4,-,-,C4,-,-,C4,-,-,C4,-,-,C4,-,-,F3,-,-,F3,-,-,F3,-,A#3,-,-,A#3,-,-,G#3,-,-,G#3,-,-,G#3,-,-,G#3,-,-,G#3,-,-,G#3,-,-,F3,-,-,F3,-,-,F3,-,G#3,-,-,G#3,-,-,C4,-,-,C4,-,-,C4,-,-,C4,-,-,C4,-,-,C4,-,-,F3,-,-,G#3,-,-,G#3,-,A#3,-,-,A#3,-,-,G#3,-,-,G#3,-,-,G#3,-,-,G#3,G#3,-,G#3,-,-,G#3,-,-,F3,-,-,F3,-,-,F3,-,G#3,-,-,G#3,-,-,C4,-,-,C4,-,-,C4,-,-,C4,-,-,C4,-,-,C4,-,-,F3,-,-,F3,-,-,F3,-,A#3,-,-,A#3,-,-,G#3,-,-,G#3,-,-,G#3,-,-,G#3,-,-,G#3,-,-,G#3,-,-,F3,-,-,F3,-,-,F3,-,G#3,-,-,G#3,-,-,C4,-,-,C4,-,-,C4,-,-,C4,-,-,C4,-,-,C4,-,-,F3,-,-,G#3,-,-,G#3,-,A#3,-,-,A#3,-,-,G#3,-,-,G#3,-,-,G#3,-,-,G#3,G#3,-,G#3,-,-,G#3,-,-,F3,-,-,F3,-,-,F3,-,G#3,-,-,G#3,-,-,C4,-,-,C4,-,-,C4,-,-,C4,-,-,C4,-,-,C4,-,-,F3,-,-,F3,-,-,F3,-,A#3,-,-,A#3,-,-,G#3,-,-,G#3,-,-,G#3,-,-,G#3,-,-,G#3,-,-,G#3,-,-,F3,-,-,F3,-,-,F3,-,G#3,-,-,G#3,-,-,C4,-,-,C4,-,-,C4,-,-,C4,-,-,C4,-,-,C4,-,-,F3,-,-,G#3,-,-,G#3,-,A#3,-,-,A#3,-,-,G#3,-,-,G#3,-,-,G#3,-,-,G#3,G#3,-,G#3,-,-,G#3,-,-,F3,-,-,F3,-,-,F3,-,G#3,-,-,G#3,-,-,C4,-,-,C4,-,-,C4,-,-,C4,-,-,C4,-,-,C4,-,-,F3,-,-,F3,-,-,F3,-,A#3,-,-,A#3,-,-,G#3,-,-,G#3,-,-,G#3,-,-,G#3,-,-,G#3,-,-,G#3,-,-,F3,-,-,F3,-,-,F3,-,G#3,-,-,G#3,-,-,C4,-,-,C4,-,-,C4,-,-,C4,-,-,C4,-,-,C4,-,-,F3,-,-,G#3,-,-,G#3,-,A#3,-,-,A#3,-,-,G#3,-,
G#3 0.63,-,-,G#3,-,-,G#3,-,C4,-,-,C4,-,-,D#4,-,-,D#4,-,-,D#4,-,-,D#4,-,-,D#4,-,-,D#4,-,-,G#3,-,-,G#3,-,-,G#3,-,C#4,-,-,C#4,-,-,C4,-,-,C4,-,-,C4,-,-,C4,-,-,C4,-,-,C4,-,-,G#3,-,-,G#3,-,-,G#3,-,C4,-,-,C4,-,-,D#4,-,-,D#4,-,-,D#4,-,-,D#4,-,-,D#4,-,-,D#4,-,-,G#3,-,-,C4,-,-,C4,-,C#4,-,-,C#4,-,-,C4,-,-,C4,-,-,C4,-,-,C4,-,-,C4,-,-,C4,-,-,G#3,-,-,G#3,-,-,G#3,-,C4,-,-,C4,-,-,D#4,-,-,D#4,-,-,D#4,-,-,D#4,-,-,D#4,-,-,D#4,-,-,G#3,-,-,G#3,-,-,G#3,-,C#4,-,-,C#4,-,-,C4,-,-,C4,-,-,C4,-,-,C4,-,-,C4,-,-,C4,-,-,G#3,-,-,G#3,-,-,G#3,-,C4,-,-,C4,-,-,D#4,-,-,D#4,-,-,D#4,-,-,D#4,-,-,D#4,-,-,D#4,-,-,G#3,-,-,C4,-,-,C4,-,C#4,-,-,C#4,-,-,C4,-,-,C4,-,-,C4,-,-,C4,-,-,C4,-,-,C4,-,-,G#3,-,-,G#3,-,-,G#3,-,C4,-,-,C4,-,-,D#4,-,-,D#4,-,-,D#4,-,-,D#4,-,-,D#4,-,-,D#4,-,-,G#3,-,-,G#3,-,-,G#3,-,C#4,-,-,C#4,-,-,C4,-,-,C4,-,-,C4,-,-,C4,-,-,C4,-,-,C4,-,-,G#3,-,-,G#3,-,-,G#3,-,C4,-,-,C4,-,-,D#4,-,-,D#4,-,-,D#4,-,-,D#4,-,-,D#4,-,-,D#4,-,-,G#3,-,-,C4,-,-,C4,-,C#4,-,-,C#4,-,-,C4,-,-,C4,-,-,C4,-,-,C4,-,-,C4,-,-,C4,-,-,G#3,-,-,G#3,-,-,G#3,-,C4,-,-,C4,-,-,D#4,-,-,D#4,-,-,D#4,-,-,D#4,-,-,D#4,-,-,D#4,-,-,G#3,-,-,G#3,-,-,G#3,-,C#4,-,-,C#4,-,-,C4,-,-,C4,-,-,C4,-,-,C4,-,-,C4,-,-,C4,-,-,G#3,-,-,G#3,-,-,G#3,-,C4,-,-,C4,-,-,D#4,-,-,D#4,-,-,D#4,-,-,D#4,-,-,D#4,-,-,D#4,-,-,G#3,-,-,C4,-,-,C4,-,C#4,-,-,C#4,-,-,C4,-,-,C4,-,-,C4,-,-,C4,C4,-,C4,-,-,C4,-,-,G#3,-,-,G#3,-,-,G#3,-,C4,-,-,C4,-,-,D#4,-,-,D#4,-,-,D#4,-,-,D#4,-,-,D#4,-,-,D#4,-,-,G#3,-,-,G#3,-,-,G#3,-,C#4,-,-,C#4,-,-,C4,-,-,C4,-,-,C4,-,-,C4,-,-,C4,-,-,C4,-,-,G#3,-,-,G#3,-,-,G#3,-,C4,-,-,C4,-,-,D#4,-,-,D#4,-,-,D#4,-,-,D#4,-,-,D#4,-,-,D#4,-,-,G#3,-,-,C4,-,-,C4,-,C#4,-,-,C#4,-,-,C4,-,-,C4,-,-,C4,-,-,C4,-,-,C4,-,-,C4,-,-,G#3,-,-,G#3,-,-,G#3,-,C4,-,-,C4,-,-,D#4,-,-,D#4,-,-,D#4,-,-,D#4,-,-,D#4,-,-,D#4,-,-,G#3,-,-,G#3,-,-,G#3,-,C#4,-,-,C#4,-,-,C4,-,-,C4,-,-,C4,-,-,C4,-,-,C4,-,-,C4,-,-,G#3,-,-,G#3,-,-,G#3,-,C4,-,-,C4,-,-,D#4,-,-,D#4,-,-,D#4,-,-,D#4,-,-,D#4,-,-,D#4,-,-,G#3,-,-,C4,-,-,C4,-,C#4,-,-,C#4,-,-,C4,-,-,C4,-,-,C4,-,-,C4,C4,-,C4,-,-,C4,-,-,G#3,-,-,G#3,-,-,G#3,-,C4,-,-,C4,-,-,D#4,-,-,D#4,-,-,D#4,-,-,D#4,-,-,D#4,-,-,D#4,-,-,G#3,-,-,G#3,-,-,G#3,-,C#4,-,-,C#4,-,-,C4,-,-,C4,-,-,C4,-,-,C4,-,-,C4,-,-,C4,-,-,G#3,-,-,G#3,-,-,G#3,-,C4,-,-,C4,-,-,D#4,-,-,D#4,-,-,D#4,-,-,D#4,-,-,D#4,-,-,D#4,-,-,G#3,-,-,C4,-,-,C4,-,C#4,-,-,C#4,-,-,C4,-,-,C4,-,-,C4,-,-,C4,C4,-,C4,-,-,C4,-,-,G#3,-,-,G#3,-,-,G#3,-,C4,-,-,C4,-,-,D#4,-,-,D#4,-,-,D#4,-,-,D#4,-,-,D#4,-,-,D#4,-,-,G#3,-,-,G#3,-,-,G#3,-,C#4,-,-,C#4,-,-,C4,-,-,C4,-,-,C4,-,-,C4,-,-,C4,-,-,C4,-,-,G#3,-,-,G#3,-,-,G#3,-,C4,-,-,C4,-,-,D#4,-,-,D#4,-,-,D#4,-,-,D#4,-,-,D#4,-,-,D#4,-,-,G#3,-,-,C4,-,-,C4,-,C#4,-,-,C#4,-,-,C4,-,-,C4,-,-,C4,-,-,C4,C4,-,C4,-,-,C4,-,-,G#3,-,-,G#3,-,-,G#3,-,C4,-,-,C4,-,-,D#4,-,-,D#4,-,-,D#4,-,-,D#4,-,-,D#4,-,-,D#4,-,-,G#3,-,-,G#3,-,-,G#3,-,C#4,-,-,C#4,-,-,C4,-,-,C4,-,-,C4,-,-,C4,-,-,C4,-,-,C4,-,-,G#3,-,-,G#3,-,-,G#3,-,C4,-,-,C4,-,-,D#4,-,-,D#4,-,-,D#4,-,-,D#4,-,-,D#4,-,-,D#4,-,-,G#3,-,-,C4,-,-,C4,-,C#4,-,-,C#4,-,-,C4,-,
C4 0.63,-,-,C4,-,-,C4,-,D#4,-,-,D#4,-,-,G4,-,-,G4,-,-,G4,-,-,G4,-,-,G4,-,-,G4,-,-,C4,-,-,C4,-,-,C4,-,F4,-,-,F4,-,-,D#4,-,-,D#4,-,-,D#4,-,-,D#4,-,-,D#4,-,-,D#4,-,-,C4,-,-,C4,-,-,C4,-,D#4,-,-,D#4,-,-,F4,-,-,F4,-,-,F4,-,-,F4,-,-,F4,-,-,F4,-,-,C4,-,-,D#4,-,-,D#4,-,F4,-,-,F4,-,-,D#4,-,-,D#4,-,-,D#4,-,-,D#4,-,-,D#4,-,-,D#4,-,-,C4,-,-,C4,-,-,C4,-,D#4,-,-,D#4,-,-,G4,-,-,G4,-,-,G4,-,-,G4,-,-,G4,-,-,G4,-,-,C4,-,-,C4,-,-,C4,-,F4,-,-,F4,-,-,D#4,-,-,D#4,-,-,D#4,-,-,D#4,-,-,D#4,-,-,D#4,-,-,C4,-,-,C4,-,-,C4,-,D#4,-,-,D#4,-,-,F4,-,-,F4,-,-,F4,-,-,F4,-,-,F4,-,-,F4,-,-,C4,-,-,D#4,-,-,D#4,-,F4,-,-,F4,-,-,D#4,-,-,D#4,-,-,D#4,-,-,D#4,-,-,D#4,-,-,D#4,-,-,C4,-,-,C4,-,-,C4,-,D#4,-,-,D#4,-,-,G4,-,-,G4,-,-,G4,-,-,G4,-,-,G4,-,-,G4,-,-,C4,-,-,C4,-,-,C4,-,F4,-,-,F4,-,-,D#4,-,-,D#4,-,-,D#4,-,-,D#4,-,-,D#4,-,-,D#4,-,-,C4,-,-,C4,-,-,C4,-,D#4,-,-,D#4,-,-,F4,-,-,F4,-,-,F4,-,-,F4,-,-,F4,-,-,F4,-,-,C4,-,-,D#4,-,-,D#4,-,F4,-,-,F4,-,-,D#4,-,-,D#4,-,-,D#4,-,-,D#4,-,-,D#4,-,-,D#4,-,-,C4,-,-,C4,-,-,C4,-,D#4,-,-,D#4,-,-,G4,-,-,G4,-,-,G4,-,-,G4,-,-,G4,-,-,G4,-,-,C4,-,-,C4,-,-,C4,-,F4,-,-,F4,-,-,D#4,-,-,D#4,-,-,D#4,-,-,D#4,-,-,D#4,-,-,D#4,-,-,C4,-,-,C4,-,-,C4,-,D#4,-,-,D#4,-,-,F4,-,-,F4,-,-,F4,-,-,F4,-,-,F4,-,-,F4,-,-,C4,-,-,D#4,-,-,D#4,-,F4,-,-,F4,-,-,D#4,-,-,D#4,-,-,D#4,-,-,D#4,D#4,-,D#4,-,-,D#4,-,-,C4,-,-,C4,-,-,C4,-,D#4,-,-,D#4,-,-,G4,-,-,G4,-,-,G4,-,-,G4,-,-,G4,-,-,G4,-,-,C4,-,-,C4,-,-,C4,-,F4,-,-,F4,-,-,D#4,-,-,D#4,-,-,D#4,-,-,D#4,-,-,D#4,-,-,D#4,-,-,C4,-,-,C4,-,-,C4,-,D#4,-,-,D#4,-,-,F4,-,-,F4,-,-,F4,-,-,F4,-,-,F4,-,-,F4,-,-,C4,-,-,D#4,-,-,D#4,-,F4,-,-,F4,-,-,D#4,-,-,D#4,-,-,D#4,-,-,D#4,-,-,D#4,-,-,D#4,-,-,C4,-,-,C4,-,-,C4,-,D#4,-,-,D#4,-,-,G4,-,-,G4,-,-,G4,-,-,G4,-,-,G4,-,-,G4,-,-,C4,-,-,C4,-,-,C4,-,F4,-,-,F4,-,-,D#4,-,-,D#4,-,-,D#4,-,-,D#4,-,-,D#4,-,-,D#4,-,-,C4,-,-,C4,-,-,C4,-,D#4,-,-,D#4,-,-,F4,-,-,F4,-,-,F4,-,-,F4,-,-,F4,-,-,F4,-,-,C4,-,-,D#4,-,-,D#4,-,F4,-,-,F4,-,-,D#4,-,-,D#4,-,-,D#4,-,-,D#4,D#4,-,D#4,-,-,D#4,-,-,C4,-,-,C4,-,-,C4,-,D#4,-,-,D#4,-,-,G4,-,-,G4,-,-,G4,-,-,G4,-,-,G4,-,-,G4,-,-,C4,-,-,C4,-,-,C4,-,F4,-,-,F4,-,-,D#4,-,-,D#4,-,-,D#4,-,-,D#4,-,-,D#4,-,-,D#4,-,-,C4,-,-,C4,-,-,C4,-,D#4,-,-,D#4,-,-,F4,-,-,F4,-,-,F4,-,-,F4,-,-,F4,-,-,F4,-,-,C4,-,-,D#4,-,-,D#4,-,F4,-,-,F4,-,-,D#4,-,-,D#4,-,-,D#4,-,-,D#4,D#4,-,D#4,-,-,D#4,-,-,C4,-,-,C4,-,-,C4,-,D#4,-,-,D#4,-,-,G4,-,-,G4,-,-,G4,-,-,G4,-,-,G4,-,-,G4,-,-,C4,-,-,C4,-,-,C4,-,F4,-,-,F4,-,-,D#4,-,-,D#4,-,-,D#4,-,-,D#4,-,-,D#4,-,-,D#4,-,-,C4,-,-,C4,-,-,C4,-,D#4,-,-,D#4,-,-,F4,-,-,F4,-,-,F4,-,-,F4,-,-,F4,-,-,F4,-,-,C4,-,-,D#4,-,-,D#4,-,F4,-,-,F4,-,-,D#4,-,-,D#4,-,-,D#4,-,-,D#4,D#4,-,D#4,-,-,D#4,-,-,C4,-,-,C4,-,-,C4,-,D#4,-,-,D#4,-,-,G4,-,-,G4,-,-,G4,-,-,G4,-,-,G4,-,-,G4,-,-,C4,-,-,C4,-,-,C4,-,F4,-,-,F4,-,-,D#4,-,-,D#4,-,-,D#4,-,-,D#4,-,-,D#4,-,-,D#4,-,-,C4,-,-,C4,-,-,C4,-,D#4,-,-,D#4,-,-,F4,-,-,F4,-,-,F4,-,-,F4,-,-,F4,-,-,F4,-,-,C4,-,-,D#4,-,-,D#4,-,F4,-,-,F4,-,-,D#4,-,
D#4 0.63,-,-,D#4,-,-,D#4,-,G4,-,-,G4,-,-,A#4,-,-,A#4,-,-,A#4,-,-,A#4,-,-,A#4,-,-,A#4,-,-,D#4,-,-,D#4,-,-,D#4,-,G#4,-,-,G#4,-,-,G4,-,-,G4,-,-,G4,-,-,G4,-,-,G4,-,-,G4,-,-,D#4,-,-,D#4,-,-,D#4,-,G4,-,-,G4,-,-,G4,-,-,G4,-,-,G4,-,-,G4,-,-,G4,-,-,G4,-,-,D#4,-,-,G#4,-,-,G#4,-,G4,-,-,G4,-,-,F4,-,-,F4,-,-,F4,-,-,F4,-,-,F4,-,-,F4,-,-,D#4,-,-,D#4,-,-,D#4,-,G4,-,-,G4,-,-,A#4,-,-,A#4,-,-,A#4,-,-,A#4,-,-,A#4,-,-,A#4,-,-,D#4,-,-,D#4,-,-,D#4,-,G#4,-,-,G#4,-,-,G4,-,-,G4,-,-,G4,-,-,G4,-,-,G4,-,-,G4,-,-,D#4,-,-,D#4,-,-,D#4,-,G4,-,-,G4,-,-,G4,-,-,G4,-,-,G4,-,-,G4,-,-,G4,-,-,G4,-,-,D#4,-,-,G#4,-,-,G#4,-,G4,-,-,G4,-,-,F4,-,-,F4,-,-,F4,-,-,F4,-,-,F4,-,-,F4,-,-,D#4,-,-,D#4,-,-,D#4,-,G4,-,-,G4,-,-,A#4,-,-,A#4,-,-,A#4,-,-,A#4,-,-,A#4,-,-,A#4,-,-,D#4,-,-,D#4,-,-,D#4,-,G#4,-,-,G#4,-,-,G4,-,-,G4,-,-,G4,-,-,G4,-,-,G4,-,-,G4,-,-,D#4,-,-,D#4,-,-,D#4,-,G4,-,-,G4,-,-,G4,-,-,G4,-,-,G4,-,-,G4,-,-,G4,-,-,G4,-,-,D#4,-,-,G#4,-,-,G#4,-,G4,-,-,G4,-,-,F4,-,-,F4,-,-,F4,-,-,F4,-,-,F4,-,-,F4,-,-,D#4,-,-,D#4,-,-,D#4,-,G4,-,-,G4,-,-,A#4,-,-,A#4,-,-,A#4,-,-,A#4,-,-,A#4,-,-,A#4,-,-,D#4,-,-,D#4,-,-,D#4,-,G#4,-,-,G#4,-,-,G4,-,-,G4,-,-,G4,-,-,G4,-,-,G4,-,-,G4,-,-,D#4,-,-,D#4,-,-,D#4,-,G4,-,-,G4,-,-,G4,-,-,G4,-,-,G4,-,-,G4,-,-,G4,-,-,G4,-,-,D#4,-,-,G#4,-,-,G#4,-,G4,-,-,G4,-,-,F4,-,-,F4,-,-,F4,-,-,F4,F4,-,F4,-,-,F4,-,-,D#4,-,-,D#4,-,-,D#4,-,G4,-,-,G4,-,-,A#4,-,-,A#4,-,-,A#4,-,-,A#4,-,-,A#4,-,-,A#4,-,-,D#4,-,-,D#4,-,-,D#4,-,G#4,-,-,G#4,-,-,G4,-,-,G4,-,-,G4,-,-,G4,-,-,G4,-,-,G4,-,-,D#4,-,-,D#4,-,-,D#4,-,G4,-,-,G4,-,-,G4,-,-,G4,-,-,G4,-,-,G4,-,-,G4,-,-,G4,-,-,D#4,-,-,G#4,-,-,G#4,-,G4,-,-,G4,-,-,F4,-,-,F4,-,-,F4,-,-,F4,-,-,F4,-,-,F4,-,-,D#4,-,-,D#4,-,-,D#4,-,G4,-,-,G4,-,-,A#4,-,-,A#4,-,-,A#4,-,-,A#4,-,-,A#4,-,-,A#4,-,-,D#4,-,-,D#4,-,-,D#4,-,G#4,-,-,G#4,-,-,G4,-,-,G4,-,-,G4,-,-,G4,-,-,G4,-,-,G4,-,-,D#4,-,-,D#4,-,-,D#4,-,G4,-,-,G4,-,-,G4,-,-,G4,-,-,G4,-,-,G4,-,-,G4,-,-,G4,-,-,D#4,-,-,G#4,-,-,G#4,-,G4,-,-,G4,-,-,F4,-,-,F4,-,-,F4,-,-,F4,F4,-,F4,-,-,F4,-,-,D#4,-,-,D#4,-,-,D#4,-,G4,-,-,G4,-,-,A#4,-,-,A#4,-,-,A#4,-,-,A#4,-,-,A#4,-,-,A#4,-,-,D#4,-,-,D#4,-,-,D#4,-,G#4,-,-,G#4,-,-,G4,-,-,G4,-,-,G4,-,-,G4,-,-,G4,-,-,G4,-,-,D#4,-,-,D#4,-,-,D#4,-,G4,-,-,G4,-,-,G4,-,-,G4,-,-,G4,-,-,G4,-,-,G4,-,-,G4,-,-,D#4,-,-,G#4,-,-,G#4,-,G4,-,-,G4,-,-,F4,-,-,F4,-,-,F4,-,-,F4,F4,-,F4,-,-,F4,-,-,D#4,-,-,D#4,-,-,D#4,-,G4,-,-,G4,-,-,A#4,-,-,A#4,-,-,A#4,-,-,A#4,-,-,A#4,-,-,A#4,-,-,D#4,-,-,D#4,-,-,D#4,-,G#4,-,-,G#4,-,-,G4,-,-,G4,-,-,G4,-,-,G4,-,-,G4,-,-,G4,-,-,D#4,-,-,D#4,-,-,D#4,-,G4,-,-,G4,-,-,G4,-,-,G4,-,-,G4,-,-,G4,-,-,G4,-,-,G4,-,-,D#4,-,-,G#4,-,-,G#4,-,G4,-,-,G4,-,-,F4,-,-,F4,-,-,F4,-,-,F4,F4,-,F4,-,-,F4,-,-,D#4,-,-,D#4,-,-,D#4,-,G4,-,-,G4,-,-,A#4,-,-,A#4,-,-,A#4,-,-,A#4,-,-,A#4,-,-,A#4,-,-,D#4,-,-,D#4,-,-,D#4,-,G#4,-,-,G#4,-,-,G4,-,-,G4,-,-,G4,-,-,G4,-,-,G4,-,-,G4,-,-,D#4,-,-,D#4,-,-,D#4,-,G4,-,-,G4,-,-,G4,-,-,G4,-,-,G4,-,-,G4,-,-,G4,-,-,G4,-,-,D#4,-,-,G#4,-,-,G#4,-,G4,-,-,G4,-,-,F4,-,
G#4 0.63,-,-,G#4,-,-,G#4,-,A#4,-,-,A#4,-,-,C5,-,-,C5,-,-,C5,-,-,C5,-,-,C5,-,-,C5,-,-,D#5,-,-,D#5,-,-,D#5,-,A#4,-,-,A#4,-,-,G#4,-,-,G#4,-,-,G#4,-,-,G#4,-,-,G#4,-,-,G#4,-,-,C5,-,-,C5,-,-,C5,-,G#4,-,-,G#4,-,-,A#4,-,-,A#4,-,-,A#4,-,-,A#4,-,-,A#4,-,-,A#4,-,-,G#4,-,-,,,,,,G#4,-,-,G#4,-,-,G4,-,-,G4,-,-,G4,-,-,G4,-,-,G4,-,-,G4,-,-,G#4,-,-,G#4,-,-,G#4,-,A#4,-,-,A#4,-,-,C5,-,-,C5,-,-,C5,-,-,C5,-,-,C5,-,-,C5,-,-,D#5,-,-,D#5,-,-,D#5,-,A#4,-,-,A#4,-,-,G#4,-,-,G#4,-,-,G#4,-,-,G#4,-,-,G#4,-,-,G#4,-,-,C5,-,-,C5,-,-,C5,-,G#4,-,-,G#4,-,-,A#4,-,-,A#4,-,-,A#4,-,-,A#4,-,-,A#4,-,-,A#4,-,-,G#4,-,-,,,,,,G#4,-,-,G#4,-,-,G4,-,-,G4,-,-,G4,-,-,G4,-,-,G4,-,-,G4,-,-,G#4,-,-,G#4,-,-,G#4,-,A#4,-,-,A#4,-,-,C5,-,-,C5,-,-,C5,-,-,C5,-,-,C5,-,-,C5,-,-,D#5,-,-,D#5,-,-,D#5,-,A#4,-,-,A#4,-,-,G#4,-,-,G#4,-,-,G#4,-,-,G#4,-,-,G#4,-,-,G#4,-,-,C5,-,-,C5,-,-,C5,-,G#4,-,-,G#4,-,-,A#4,-,-,A#4,-,-,A#4,-,-,A#4,-,-,A#4,-,-,A#4,-,-,G#4,-,-,,,,,,G#4,-,-,G#4,-,-,G4,-,-,G4,-,-,G4,-,-,G4,-,-,G4,-,-,G4,-,-,G#4,-,-,G#4,-,-,G#4,-,A#4,-,-,A#4,-,-,C5,-,-,C5,-,-,C5,-,-,C5,-,-,C5,-,-,C5,-,-,D#5,-,-,D#5,-,-,D#5,-,A#4,-,-,A#4,-,-,G#4,-,-,G#4,-,-,G#4,-,-,G#4,-,-,G#4,-,-,G#4,-,-,C5,-,-,C5,-,-,C5,-,G#4,-,-,G#4,-,-,A#4,-,-,A#4,-,-,A#4,-,-,A#4,-,-,A#4,-,-,A#4,-,-,G#4,-,-,,,,,,G#4,-,-,G#4,-,-,G4,-,-,G4,-,-,G4,-,-,G4,G4,-,G4,-,-,G4,-,-,G#4,-,-,G#4,-,-,G#4,-,A#4,-,-,A#4,-,-,C5,-,-,C5,-,-,C5,-,-,C5,-,-,C5,-,-,C5,-,-,D#5,-,-,D#5,-,-,D#5,-,A#4,-,-,A#4,-,-,G#4,-,-,G#4,-,-,G#4,-,-,G#4,-,-,G#4,-,-,G#4,-,-,C5,-,-,C5,-,-,C5,-,G#4,-,-,G#4,-,-,A#4,-,-,A#4,-,-,A#4,-,-,A#4,-,-,A#4,-,-,A#4,-,-,G#4,-,-,,,,,,G#4,-,-,G#4,-,-,G4,-,-,G4,-,-,G4,-,-,G4,-,-,G4,-,-,G4,-,-,G#4,-,-,G#4,-,-,G#4,-,A#4,-,-,A#4,-,-,C5,-,-,C5,-,-,C5,-,-,C5,-,-,C5,-,-,C5,-,-,D#5,-,-,D#5,-,-,D#5,-,A#4,-,-,A#4,-,-,G#4,-,-,G#4,-,-,G#4,-,-,G#4,-,-,G#4,-,-,G#4,-,-,C5,-,-,C5,-,-,C5,-,G#4,-,-,G#4,-,-,A#4,-,-,A#4,-,-,A#4,-,-,A#4,-,-,A#4,-,-,A#4,-,-,G#4,-,-,,,,,,G#4,-,-,G#4,-,-,G4,-,-,G4,-,-,G4,-,-,G4,G4,-,G4,-,-,G4,-,-,G#4,-,-,G#4,-,-,G#4,-,A#4,-,-,A#4,-,-,C5,-,-,C5,-,-,C5,-,-,C5,-,-,C5,-,-,C5,-,-,D#5,-,-,D#5,-,-,D#5,-,A#4,-,-,A#4,-,-,G#4,-,-,G#4,-,-,G#4,-,-,G#4,-,-,G#4,-,-,G#4,-,-,C5,-,-,C5,-,-,C5,-,G#4,-,-,G#4,-,-,A#4,-,-,A#4,-,-,A#4,-,-,A#4,-,-,A#4,-,-,A#4,-,-,G#4,-,-,,,,,,G#4,-,-,G#4,-,-,G4,-,-,G4,-,-,G4,-,-,G4,G4,-,G4,-,-,G4,-,-,G#4,-,-,G#4,-,-,G#4,-,A#4,-,-,A#4,-,-,C5,-,-,C5,-,-,C5,-,-,C5,-,-,C5,-,-,C5,-,-,D#5,-,-,D#5,-,-,D#5,-,A#4,-,-,A#4,-,-,G#4,-,-,G#4,-,-,G#4,-,-,G#4,-,-,G#4,-,-,G#4,-,-,C5,-,-,C5,-,-,C5,-,G#4,-,-,G#4,-,-,A#4,-,-,A#4,-,-,A#4,-,-,A#4,-,-,A#4,-,-,A#4,-,-,G#4,-,-,,,,,,G#4,-,-,G#4,-,-,G4,-,-,G4,-,-,G4,-,-,G4,G4,-,G4,-,-,G4,-,-,G#4,-,-,G#4,-,-,G#4,-,A#4,-,-,A#4,-,-,C5,-,-,C5,-,-,C5,-,-,C5,-,-,C5,-,-,C5,-,-,D#5,-,-,D#5,-,-,D#5,-,A#4,-,-,A#4,-,-,G#4,-,-,G#4,-,-,G#4,-,-,G#4,-,-,G#4,-,-,G#4,-,-,C5,-,-,C5,-,-,C5,-,G#4,-,-,G#4,-,-,A#4,-,-,A#4,-,-,A#4,-,-,A#4,-,-,A#4,-,-,A#4,-,-,G#4,-,-,,,,,,G#4,-,-,G#4,-,-,G4,-,
F2 0.63,-,-,F2,-,-,F2,-,G#2,-,-,G#2,-,-,C3,-,-,C3,-,-,C3,-,-,C3,-,-,C3,-,-,C3,-,-,F2,-,-,F2,-,-,F2,-,A#2,-,-,A#2,-,-,G#2,-,-,G#2,-,-,G#2,-,-,G#2,-,-,G#2,-,-,G#2,-,-,F2,-,-,F2,-,-,F2,-,G#2,-,-,G#2,-,-,C3,-,-,C3,-,-,C3,-,-,C3,-,-,C3,-,-,C3,-,-,F2,-,-,F2,-,-,F2,-,A#2,-,-,A#2,-,-,G#2,-,-,G#2,-,-,G#2,-,-,G#2,-,-,G#2,-,-,G#2,-,-,F2,-,-,F2,-,-,F2,-,G#2,-,-,G#2,-,-,C3,-,-,C3,-,-,C3,-,-,C3,-,-,C3,-,-,C3,-,-,F2,-,-,F2,-,-,F2,-,A#2,-,-,A#2,-,-,G#2,-,-,G#2,-,-,G#2,-,-,G#2,-,-,G#2,-,-,G#2,-,-,F2,-,-,F2,-,-,F2,-,G#2,-,-,G#2,-,-,C3,-,-,C3,-,-,C3,-,-,C3,-,-,C3,-,-,C3,-,-,F2,-,-,F2,-,-,F2,-,A#2,-,-,A#2,-,-,G#2,-,-,G#2,-,-,G#2,-,-,G#2,-,-,G#2,-,-,G#2,-,-,F2,-,-,F2,-,-,F2,-,G#2,-,-,G#2,-,-,C3,-,-,C3,-,-,C3,-,-,C3,-,-,C3,-,-,C3,-,-,F2,-,-,F2,-,-,F2,-,A#2,-,-,A#2,-,-,G#2,-,-,G#2,-,-,G#2,-,-,G#2,-,-,G#2,-,-,G#2,-,-,F2,-,-,F2,-,-,F2,-,G#2,-,-,G#2,-,-,C3,-,-,C3,-,-,C3,-,-,C3,-,-,C3,-,-,C3,-,-,F2,-,-,F2,-,-,F2,-,A#2,-,-,A#2,-,-,G#2,-,-,G#2,-,-,G#2,-,-,G#2,-,-,G#2,-,-,G#2,-,-,F2,-,-,F2,-,-,F2,-,G#2,-,-,G#2,-,-,C3,-,-,C3,-,-,C3,-,-,C3,-,-,C3,-,-,C3,-,-,F2,-,-,F2,-,-,F2,-,A#2,-,-,A#2,-,-,G#2,-,-,G#2,-,-,G#2,-,-,G#2,-,-,G#2,-,-,G#2,-,-,F2,-,-,F2,-,-,F2,-,G#2,-,-,G#2,-,-,C3,-,-,C3,-,-,C3,-,-,C3,-,-,C3,-,-,C3,-,-,F2,-,-,F2,-,-,F2,-,A#2,-,-,A#2,-,-,G#2,-,-,G#2,-,-,G#2,-,-,G#2,G#2,-,G#2,-,-,G#2,-,-,F2,-,-,F2,-,-,F2,-,G#2,-,-,G#2,-,-,C3,-,-,C3,-,-,C3,-,-,C3,-,-,C3,-,-,C3,-,-,F2,-,-,F2,-,-,F2,-,A#2,-,-,A#2,-,-,G#2,-,-,G#2,-,-,G#2,-,-,G#2,-,-,G#2,-,-,G#2,-,-,F2,-,-,F2,-,-,F2,-,G#2,-,-,G#2,-,-,C3,-,-,C3,-,-,C3,-,-,C3,-,-,C3,-,-,C3,-,-,F2,-,-,F2,-,-,F2,-,A#2,-,-,A#2,-,-,G#2,-,-,G#2,-,-,G#2,-,-,G#2,-,-,G#2,-,-,G#2,-,-,F2,-,-,F2,-,-,F2,-,G#2,-,-,G#2,-,-,C3,-,-,C3,-,-,C3,-,-,C3,-,-,C3,-,-,C3,-,-,F2,-,-,F2,-,-,F2,-,A#2,-,-,A#2,-,-,G#2,-,-,G#2,-,-,G#2,-,-,G#2,-,-,G#2,-,-,G#2,-,-,F2,-,-,F2,-,-,F2,-,G#2,-,-,G#2,-,-,C3,-,-,C3,-,-,C3,-,-,C3,-,-,C3,-,-,C3,-,-,F2,-,-,F2,-,-,F2,-,A#2,-,-,A#2,-,-,G#2,-,-,G#2,-,-,G#2,-,-,G#2,G#2,-,G#2,-,-,G#2,-,-,F2,-,-,F2,-,-,F2,-,G#2,-,-,G#2,-,-,C3,-,-,C3,-,-,C3,-,-,C3,-,-,C3,-,-,C3,-,-,F2,-,-,F2,-,-,F2,-,A#2,-,-,A#2,-,-,G#2,-,-,G#2,-,-,G#2,-,-,G#2,-,-,G#2,-,-,G#2,-,-,F2,-,-,F2,-,-,F2,-,G#2,-,-,G#2,-,-,C3,-,-,C3,-,-,C3,-,-,C3,-,-,C3,-,-,C3,-,-,F2,-,-,F2,-,-,F2,-,A#2,-,-,A#2,-,-,G#2,-,-,G#2,-,-,G#2,-,-,G#2,G#2,-,G#2,-,-,G#2,-,-,F2,-,-,F2,-,-,F2,-,G#2,-,-,G#2,-,-,C3,-,-,C3,-,-,C3,-,-,C3,-,-,C3,-,-,C3,-,-,F2,-,-,F2,-,-,F2,-,A#2,-,-,A#2,-,-,G#2,-,-,G#2,-,-,G#2,-,-,G#2,-,-,G#2,-,-,G#2,-,-,F2,-,-,F2,-,-,F2,-,G#2,-,-,G#2,-,-,C3,-,-,C3,-,-,C3,-,-,C3,-,-,C3,-,-,C3,-,-,F2,-,-,F2,-,-,F2,-,A#2,-,-,A#2,-,-,G#2,-,-,G#2,-,-,G#2,-,-,G#2,G#2,-,G#2,-,-,G#2,-,-,F2,-,-,F2,-,-,F2,-,G#2,-,-,G#2,-,-,C3,-,-,C3,-,-,C3,-,-,C3,-,-,C3,-,-,C3,-,-,F2,-,-,F2,-,-,F2,-,A#2,-,-,A#2,-,-,G#2,-,-,G#2,-,-,G#2,-,-,G#2,-,-,G#2,-,-,G#2,-,-,F2,-,-,F2,-,-,F2,-,G#2,-,-,G#2,-,-,C3,-,-,C3,-,-,C3,-,-,C3,-,-,C3,-,-,C3,-,-,F2,-,-,F2,-,-,F2,-,A#2,-,-,A#2,-,-,G#2,-,
F3 0.63,-,-,F3,-,-,F3,-,G#3,-,-,G#3,-,-,C4,-,-,C4,-,-,C4,-,-,C4,-,-,C4,-,-,C4,-,-,F3,-,-,F3,-,-,F3,-,A#3,-,-,A#3,-,-,G#3,-,-,G#3,-,-,G#3,-,-,G#3,-,-,G#3,-,-,G#3,-,-,F3,-,-,F3,-,-,F3,-,G#3,-,-,G#3,-,-,C4,-,-,C4,-,-,C4,-,-,C4,-,-,C4,-,-,C4,-,-,F3,-,-,F3,-,-,F3,-,A#3,-,-,A#3,-,-,G#3,-,-,G#3,-,-,G#3,-,-,G#3,-,-,G#3,-,-,G#3,-,-,F3,-,-,F3,-,-,F3,-,G#3,-,-,G#3,-,-,C4,-,-,C4,-,-,C4,-,-,C4,-,-,C4,-,-,C4,-,-,F3,-,-,F3,-,-,F3,-,A#3,-,-,A#3,-,-,G#3,-,-,G#3,-,-,G#3,-,-,G#3,-,-,G#3,-,-,G#3,-,-,F3,-,-,F3,-,-,F3,-,G#3,-,-,G#3,-,-,C4,-,-,C4,-,-,C4,-,-,C4,-,-,C4,-,-,C4,-,-,F3,-,-,F3,-,-,F3,-,A#3,-,-,A#3,-,-,G#3,-,-,G#3,-,-,G#3,-,-,G#3,-,-,G#3,-,-,G#3,-,-,F3,-,-,F3,-,-,F3,-,G#3,-,-,G#3,-,-,C4,-,-,C4,-,-,C4,-,-,C4,-,-,C4,-,-,C4,-,-,F3,-,-,F3,-,-,F3,-,A#3,-,-,A#3,-,-,G#3,-,-,G#3,-,-,G#3,-,-,G#3,-,-,G#3,-,-,G#3,-,-,F3,-,-,F3,-,-,F3,-,G#3,-,-,G#3,-,-,C4,-,-,C4,-,-,C4,-,-,C4,-,-,C4,-,-,C4,-,-,F3,-,-,F3,-,-,F3,-,A#3,-,-,A#3,-,-,G#3,-,-,G#3,-,-,G#3,-,-,G#3,-,-,G#3,-,-,G#3,-,-,F3,-,-,F3,-,-,F3,-,G#3,-,-,G#3,-,-,C4,-,-,C4,-,-,C4,-,-,C4,-,-,C4,-,-,C4,-,-,F3,-,-,F3,-,-,F3,-,A#3,-,-,A#3,-,-,G#3,-,-,G#3,-,-,G#3,-,-,G#3,-,-,G#3,-,-,G#3,-,-,F3,-,-,F3,-,-,F3,-,G#3,-,-,G#3,-,-,C4,-,-,C4,-,-,C4,-,-,C4,-,-,C4,-,-,C4,-,-,F3,-,-,F3,-,-,F3,-,A#3,-,-,A#3,-,-,G#3,-,-,G#3,-,-,G#3,-,-,G#3,G#3,-,G#3,-,-,G#3,-,-,F3,-,-,F3,-,-,F3,-,G#3,-,-,G#3,-,-,C4,-,-,C4,-,-,C4,-,-,C4,-,-,C4,-,-,C4,-,-,F3,-,-,F3,-,-,F3,-,A#3,-,-,A#3,-,-,G#3,-,-,G#3,-,-,G#3,-,-,G#3,-,-,G#3,-,-,G#3,-,-,F3,-,-,F3,-,-,F3,-,G#3,-,-,G#3,-,-,C4,-,-,C4,-,-,C4,-,-,C4,-,-,C4,-,-,C4,-,-,F3,-,-,F3,-,-,F3,-,A#3,-,-,A#3,-,-,G#3,-,-,G#3,-,-,G#3,-,-,G#3,-,-,G#3,-,-,G#3,-,-,F3,-,-,F3,-,-,F3,-,G#3,-,-,G#3,-,-,C4,-,-,C4,-,-,C4,-,-,C4,-,-,C4,-,-,C4,-,-,F3,-,-,F3,-,-,F3,-,A#3,-,-,A#3,-,-,G#3,-,-,G#3,-,-,G#3,-,-,G#3,-,-,G#3,-,-,G#3,-,-,F3,-,-,F3,-,-,F3,-,G#3,-,-,G#3,-,-,C4,-,-,C4,-,-,C4,-,-,C4,-,-,C4,-,-,C4,-,-,F3,-,-,F3,-,-,F3,-,A#3,-,-,A#3,-,-,G#3,-,-,G#3,-,-,G#3,-,-,G#3,G#3,-,G#3,-,-,G#3,-,-,F3,-,-,F3,-,-,F3,-,G#3,-,-,G#3,-,-,C4,-,-,C4,-,-,C4,-,-,C4,-,-,C4,-,-,C4,-,-,F3,-,-,F3,-,-,F3,-,A#3,-,-,A#3,-,-,G#3,-,-,G#3,-,-,G#3,-,-,G#3,-,-,G#3,-,-,G#3,-,-,F3,-,-,F3,-,-,F3,-,G#3,-,-,G#3,-,-,C4,-,-,C4,-,-,C4,-,-,C4,-,-,C4,-,-,C4,-,-,F3,-,-,F3,-,-,F3,-,A#3,-,-,A#3,-,-,G#3,-,-,G#3,-,-,G#3,-,-,G#3,G#3,-,G#3,-,-,G#3,-,-,F3,-,-,F3,-,-,F3,-,G#3,-,-,G#3,-,-,C4,-,-,C4,-,-,C4,-,-,C4,-,-,C4,-,-,C4,-,-,F3,-,-,F3,-,-,F3,-,A#3,-,-,A#3,-,-,G#3,-,-,G#3,-,-,G#3,-,-,G#3,-,-,G#3,-,-,G#3,-,-,F3,-,-,F3,-,-,F3,-,G#3,-,-,G#3,-,-,C4,-,-,C4,-,-,C4,-,-,C4,-,-,C4,-,-,C4,-,-,F3,-,-,F3,-,-,F3,-,A#3,-,-,A#3,-,-,G#3,-,-,G#3,-,-,G#3,-,-,G#3,G#3,-,G#3,-,-,G#3,-,-,F3,-,-,F3,-,-,F3,-,G#3,-,-,G#3,-,-,C4,-,-,C4,-,-,C4,-,-,C4,-,-,C4,-,-,C4,-,-,F3,-,-,F3,-,-,F3,-,A#3,-,-,A#3,-,-,G#3,-,-,G#3,-,-,G#3,-,-,G#3,-,-,G#3,-,-,G#3,-,-,F3,-,-,F3,-,-,F3,-,G#3,-,-,G#3,-,-,C4,-,-,C4,-,-,C4,-,-,C4,-,-,C4,-,-,C4,-,-,F3,-,-,F3,-,-,F3,-,A#3,-,-,A#3,-,-,G#3,-,
,,,,,,,,,,,,,,,,,,,,,,,,,,,,,,,,,,,,,,,,,,,,,,,,,,,,,,,,,,,,,,,,,,,,,,,,,,,,,,,,,,,,,,,,,,,,,,,,,,,,,,,,,,,,,,,,,,,,,,,,,,,,,,,,,,,,D#4 0.63,C4,G#4,D#4,,,,,G4,D#4,D#4,C4,G4,D#4,A#4,G4,C5,D#4,C4,G4,D#4,A#4,G4,C5,D#4,C4,G4,D#4,,,,,D#4,C4,D#5,D#4,C#4,A#3,F4,C#4,G#4,F4,C4,G#3,D#4,C4,G4,D#4,G#4,C4,G#3,D#4,C4,G4,D#4,G#4,C4,G#3,D#4,C4,,,,,D#4,C4,C5,D#4,C4,G#3,D#4,C4,G4,D#4,D#4,C4,F4,D#4,G4,F4,A#4,D#4,C4,F4,D#4,G4,F4,A#4,D#4,C4,F4,D#4,,,,,D#4,C4,G#4,D#4,C#4,A#3,F4,C#4,G4,F4,C4,G#3,D#4,C4,F4,D#4,G4,C4,G#3,D#4,C4,F4,D#4,G4,C4,G#3,D#4,C4,,,,,D#4,C4,G#4,D#4,,,,,G4,D#4,D#4,C4,G4,D#4,A#4,G4,C5,D#4,C4,G4,D#4,A#4,G4,C5,D#4,C4,G4,D#4,,,,,D#4,C4,D#5,D#4,C#4,A#3,F4,C#4,G#4,F4,C4,G#3,D#4,C4,G4,D#4,G#4,C4,G#3,D#4,C4,G4,D#4,G#4,C4,G#3,D#4,C4,,,,,D#4,C4,C5,D#4,C4,G#3,D#4,C4,G4,D#4,D#4,C4,F4,D#4,G4,F4,A#4,D#4,C4,F4,D#4,G4,F4,A#4,D#4,C4,F4,D#4,,,,,D#4,C4,G#4,D#4,C#4,A#3,F4,C#4,G4,F4,C4,G#3,D#4,C4,F4,D#4,G4,C4,G#3,D#4,C4,F4,D#4,G4,C4,G#3,D#4,C4,,,,,D#4,C4,G#4,D#4,,,,,G4,D#4,D#4,C4,G4,D#4,A#4,G4,C5,D#4,C4,G4,D#4,A#4,G4,C5,D#4,C4,G4,D#4,,,,,D#4,C4,D#5,D#4,C#4,A#3,F4,C#4,G#4,F4,C4,G#3,D#4,C4,G4,D#4,G#4,C4,G#3,D#4,C4,G4,D#4,G#4,C4,G#3,D#4,C4,,,,,D#4,C4,C5,D#4,C4,G#3,D#4,C4,G4,D#4,D#4,C4,F4,D#4,G4,F4,A#4,D#4,C4,F4,D#4,G4,F4,A#4,D#4,C4,F4,D#4,,,,,D#4,C4,G#4,D#4,C#4,A#3,F4,C#4,G4,F4,C4,G#3,D#4,C4,F4,D#4,G4,C4,G#3,D#4,C4,F4,D#4,G4,C4,G#3,D#4,C4,,,,,D#4,C4,G#4,D#4,,,,,G4,D#4,D#4,C4,G4,D#4,A#4,G4,C5,D#4,C4,G4,D#4,A#4,G4,C5,D#4,C4,G4,D#4,,,,,D#4,C4,D#5,D#4,C#4,A#3,F4,C#4,G#4,F4,C4,G#3,D#4,C4,G4,D#4,G#4,C4,G#3,D#4,C4,G4,D#4,G#4,C4,G#3,D#4,C4,,,,,D#4,C4,C5,D#4,C4,G#3,D#4,C4,G4,D#4,D#4,C4,F4,D#4,G4,F4,A#4,D#4,C4,F4,D#4,G4,F4,A#4,D#4,C4,F4,D#4,,,,,D#4,C4,G#4,D#4,C#4,A#3,F4,C#4,G4,F4,C4,G#3,D#4,C4,F4,D#4,G4,C4,G#3,D#4,C4,F4,D#4,G4,C4,G#3,D#4,C4,,,,,D#4,C4,G#4,D#4,,,,,G4,D#4,D#4,C4,G4,D#4,A#4,G4,C5,D#4,C4,G4,D#4,A#4,G4,C5,D#4,C4,G4,D#4,,,,,D#4,C4,D#5,D#4,C#4,A#3,F4,C#4,G#4,F4,C4,G#3,D#4,C4,G4,D#4,G#4,C4,G#3,D#4,C4,G4,D#4,G#4,C4,G#3,D#4,C4,,,,,D#4,C4,C5,D#4,C4,G#3,D#4,C4,G4,D#4,D#4,C4,F4,D#4,G4,F4,A#4,D#4,C4,F4,D#4,G4,F4,A#4,D#4,C4,F4,D#4,,,,,D#4,C4,G#4,D#4,C#4,A#3,F4,C#4,G4,F4,C4,G#3,D#4,C4,F4,D#4,G4,C4,G#3,D#4,C4,F4,D#4,G4,C4,G#3,D#4,C4,,,,,D#4,C4,G#4,D#4,,,,,G4,D#4,D#4,C4,G4,D#4,A#4,G4,C5,D#4,C4,G4,D#4,A#4,G4,C5,D#4,C4,G4,D#4,,,,,D#4,C4,D#5,D#4,C#4,A#3,F4,C#4,G#4,F4,C4,G#3,D#4,C4,G4,D#4,G#4,C4,G#3,D#4,C4,G4,D#4,G#4,C4,G#3,D#4,C4,,,,,D#4,C4,C5,D#4,C4,G#3,D#4,C4,G4,D#4,D#4,C4,F4,D#4,G4,F4,A#4,D#4,C4,F4,D#4,G4,F4,A#4,D#4,C4,F4,D#4,,,,,D#4,C4,G#4,D#4,C#4,A#3,F4,C#4,G4,F4,C4,G#3,D#4,C4,F4,D#4,G4,C4,G#3,D#4,C4,F4,D#4,G4,C4,G#3,D#4,C4,,,,,D#4,C4,G#4,D#4,,,,,G4,D#4,D#4,C4,G4,D#4,A#4,G4,C5,D#4,C4,G4,D#4,A#4,G4,C5,D#4,C4,G4,D#4,,,,,D#4,C4,D#5,D#4,C#4,A#3,F4,C#4,G#4,F4,C4,G#3,D#4,C4,G4,D#4,G#4,C4,G#3,D#4,C4,G4,D#4,G#4,C4,G#3,D#4,C4,,,,,D#4,C4,C5,D#4,C4,G#3,D#4,C4,G4,D#4,D#4,C4,F4,D#4,G4,F4,A#4,D#4,C4,F4,D#4,G4,F4,A#4,D#4,C4,F4,D#4,,,,,D#4,C4,G#4,D#4,C#4,A#3,F4,C#4,G4,F4,C4,G#3,D#4,C4,F4,D#4,G4,C4,G#3,D#4,C4,F4,D#4,G4,C4,G#3,D#4,C4,,,,,D#4,C4,G#4,D#4,,,,,G4,D#4,D#4,C4,G4,D#4,A#4,G4,C5,D#4,C4,G4,D#4,A#4,G4,C5,D#4,C4,G4,D#4,,,,,D#4,C4,D#5,D#4,C#4,A#3,F4,C#4,G#4,F4,C4,G#3,D#4,C4,G4,D#4,G#4,C4,G#3,D#4,C4,G4,D#4,G#4,C4,G#3,D#4,C4,,,,,D#4,C4,C5,D#4,C4,G#3,D#4,C4,G4,D#4,D#4,C4,F4,D#4,G4,F4,A#4,D#4,C4,F4,D#4,G4,F4,A#4,D#4,C4,F4,D#4,,,,,D#4,C4,G#4,D#4,C#4,A#3,F4,C#4,G4,F4,C4,G#3,
,,,,,,,,,,,,,,,,,,,,,,,,,,,,,,,,,,,,,,,,,,,,,,,,,,,,,,,,,,,,,,,,,,,,,,,,,,,,,,,,,,,,,,,,,,,,,,,,,,,,,,,,,,,,,,,,,,,,,,,,,,,,,,,,G#3 0.63,F3,C4,G#3,,,,,C4,G#3,D#4,C4,,,,,,,,,,,,,,,,,,,,,G#3,F3,C4,G#3,,,,,,,,,,,,,,,,,,,,,,,,,,,,,G#3,F3,C4,G#3,,,,,,,,,,,,,,,,,,,,,,,,,,,,,G#3,F3,C4,G#3,,,,,,,,,,,,,,,,,,,,,,,,,,,,,G#3,F3,C4,G#3,,,,,C4,G#3,D#4,C4,,,,,,,,,,,,,,,,,,,,,G#3,F3,C4,G#3,,,,,,,,,,,,,,,,,,,,,,,,,,,,,G#3,F3,C4,G#3,,,,,,,,,,,,,,,,,,,,,,,,,,,,,G#3,F3,C4,G#3,,,,,,,,,,,,,,,,,,,,,,,,,,,,,G#3,F3,C4,G#3,,,,,C4,G#3,D#4,C4,,,,,,,,,,,,,,,,,,,,,G#3,F3,C4,G#3,,,,,,,,,,,,,,,,,,,,,,,,,,,,,G#3,F3,C4,G#3,,,,,,,,,,,,,,,,,,,,,,,,,,,,,G#3,F3,C4,G#3,,,,,,,,,,,,,,,,,,,,,,,,,,,,,G#3,F3,C4,G#3,,,,,C4,G#3,D#4,C4,,,,,,,,,,,,,,,,,,,,,G#3,F3,C4,G#3,,,,,,,,,,,,,,,,,,,,,,,,,,,,,G#3,F3,C4,G#3,,,,,,,,,,,,,,,,,,,,,,,,,,,,,G#3,F3,C4,G#3,,,,,,,,,,,,,,,,,,,,,,,,,,,,,G#3,F3,C4,G#3,,,,,C4,G#3,D#4,C4,,,,,,,,,,,,,,,,,,,,,G#3,F3,C4,G#3,,,,,,,,,,,,,,,,,,,,,,,,,,,,,G#3,F3,C4,G#3,,,,,,,,,,,,,,,,,,,,,,,,,,,,,G#3,F3,C4,G#3,,,,,,,,,,,,,,,,,,,,,,,,,,,,,G#3,F3,C4,G#3,,,,,C4,G#3,D#4,C4,,,,,,,,,,,,,,,,,,,,,G#3,F3,C4,G#3,,,,,,,,,,,,,,,,,,,,,,,,,,,,,G#3,F3,C4,G#3,,,,,,,,,,,,,,,,,,,,,,,,,,,,,G#3,F3,C4,G#3,,,,,,,,,,,,,,,,,,,,,,,,,,,,,G#3,F3,C4,G#3,,,,,C4,G#3,D#4,C4,,,,,,,,,,,,,,,,,,,,,G#3,F3,C4,G#3,,,,,,,,,,,,,,,,,,,,,,,,,,,,,G#3,F3,C4,G#3,,,,,,,,,,,,,,,,,,,,,,,,,,,,,G#3,F3,C4,G#3,,,,,,,,,,,,,,,,,,,,,,,,,,,,,G#3,F3,C4,G#3,,,,,C4,G#3,D#4,C4,,,,,,,,,,,,,,,,,,,,,G#3,F3,C4,G#3,,,,,,,,,,,,,,,,,,,,,,,,,,,,,G#3,F3,C4,G#3,,,,,,,,,,,,,,,,,,,,,,,,,,,,,G#3,F3,C4,G#3,,,,,,,,,,,,,
,,,,,,,,,,,,,,,,,,,,,,,,,,,,,,,,,,,,,,,,,,,,,,,,,,,,,,,,,,,,,,,,,,,,,,,,,,,,,,,,,,,,,,,,,,,,,,,,,,,,,,,,,,,,,,,,,,,,,,,,,,,,,,,,,,,,,,,,,,,,,,,,,,,,,,,,,,,,,,,,,,,,,,,,,,,,,,,,,,,,,,,,,,,,,,,,,,,,,,,,,,,,,,,,,,,,,,,,,,,,,,,,,,,,,,,,,,,,,,,,,,,,,,,,,,,,,,,,,,,,,,,,,,,,,,,,,,,,,,,,,,,,,,,,,,,,,,,,,,,,,,,,,,,,,,,,,,,,,,,,,,,,,,,,,,,,,,,,,,,,,,,,,,,,,,,,,,,,,,,,,,,,,,,,,,,,,,,,,,,,,,,,,,D#4 0.63,,,F4,D#4,F4,G4,,A#4,,G4,,D#4,,C4,,D#4,,G4,G#4,G4,G#4,G4,,,,,,,,,,D#4,,,F4,D#4,F4,G4,,A#4,,G4,,D#4,,C4,,D#4,,G4,G#4,G4,G#4,G4,,,,,,,,,,D#4,,,F4,D#4,F4,G4,,A#4,,G4,,D#4,,C4,,D#4,,G4,G#4,G4,G#4,G4,,,,,,,,,,D#4,,,F4,D#4,F4,G4,,A#4,,G4,,D#4,,C4,,D#4,,G4,G#4,G4,G#4,G4,,,,,,,,,,D#4,,,F4,D#4,F4,G4,,A#4,,G4,,D#4,,C4,,D#4,,G4,G#4,G4,G#4,G4,,,,,,,,,,D#4,,,F4,D#4,F4,G4,,A#4,,G4,,D#4,,C4,,D#4,,G4,G#4,G4,G#4,G4,,,,,,,,,,D#4,,,F4,D#4,F4,G4,,A#4,,G4,,D#4,,C4,,D#4,,G4,G#4,G4,G#4,G4,,,,,,,,,,D#4,,,F4,D#4,F4,G4,,A#4,,G4,,D#4,,C4,,D#4,,G4,G#4,G4,G#4,G4,,,,,,,,,,D#4,,,F4,D#4,F4,G4,,A#4,,G4,,D#4,,C4,,D#4,,G4,G#4,G4,G#4,G4,,,,,,,,,,D#4,,,F4,D#4,F4,G4,,A#4,,G4,,D#4,,C4,,D#4,,G4,G#4,G4,G#4,G4,,,,,,,,,,D#4,,,F4,D#4,F4,G4,,A#4,,G4,,D#4,,C4,,D#4,,G4,G#4,G4,G#4,G4,,,,,,,,,,D#4,,,F4,D#4,F4,G4,,A#4,,G4,,D#4,,C4,,D#4,,G4,G#4,G4,G#4,G4,,,,,,,,,,D#4,,,F4,D#4,F4,G4,,A#4,,G4,,D#4,,C4,,D#4,,G4,G#4,G4,G#4,G4,,,,,,,,,,D#4,,,F4,D#4,F4,G4,,A#4,,G4,,D#4,,C4,,D#4,,G4,G#4,G4,G#4,G4,,,,,,,,,,D#4,,,F4,D#4,F4,G4,,A#4,,G4,,D#4,,C4,,D#4,,G4,G#4,G4,G#4,G4,,,,,,,,,,D#4,,,F4,D#4,F4,G4,,A#4,,G4,,D#4,,C4,,D#4,,G4,G#4,G4,G#4,G4,,,,,,,,,,D#4,,,F4,D#4,F4,G4,,A#4,,G4,,D#4,,C4,,D#4,,G4,G#4,G4,G#4,G4,,,,,,,,,,D#4,,,F4,D#4,F4,G4,,A#4,,G4,,D#4,,C4,,D#4,,G4,G#4,G4,G#4,G4,,,,,,,,,,D#4,,,F4,D#4,F4,G4,,A#4,,G4,,D#4,,C4,,D#4,,G4,G#4,G4,G#4,G4,,,,,,,,,,D#4,,,F4,D#4,F4,G4,,A#4,,G4,,D#4,,C4,,D#4,,G4,G#4,G4,G#4,G4,,,,,,,,,,D#4,,,F4,D#4,F4,G4,,A#4,,G4,,D#4,,C4,,D#4,,G4,G#4,G4,G#4,G4,,,,,,,,,,D#4,,,F4,D#4,F4,G4,,A#4,,G4,,D#4,,C4,,D#4,,G4,G#4,G4,G#4,G4,,,,,,,,,,D#4,,,F4,D#4,F4,G4,,A#4,,G4,,D#4,,C4,,D#4,,G4,G#4,G4,G#4,G4,,,,,,,,,,D#4,,,F4,D#4,F4,G4,,A#4,,G4,,D#4,,
